<?xml version="1.0" encoding="UTF-8"?>
<project-private xmlns="http://www.netbeans.org/ns/project-private/1">
    <editor-bookmarks xmlns="http://www.netbeans.org/ns/editor-bookmarks/2" lastBookmarkId="0"/>
    <open-files xmlns="http://www.netbeans.org/ns/projectui-open-files/2">
        <group>
            <file>file:/C:/Users/white/Desktop/School/2nd%20year%20stuff/COE%20318/Lab2/Lab2ComplexNumber/src/coe318/lab2/ComplexNumber.java</file>
            <file>file:/C:/Users/white/Desktop/School/2nd%20year%20stuff/COE%20318/Lab2/Lab2ComplexNumber/src/coe318/lab2/ComplexTry.java</file>
        </group>
    </open-files>
</project-private>
